<?xml version="1.0" encoding="us-ascii" ?>
<root>
    <adapter name = "simulation" type = "rtds">
        <info>
            <host>localhost</host>
            <port>5002</port>
        </info>
        <state>
            <entry index = "1">
                <type>DRER</type>
                <device>DRER2</device>
                <signal>generation</signal>
            </entry>
            <entry index = "2">
                <type>Load</type>
                <device>LOAD2</device>
                <signal>drain</signal>
            </entry>
           <entry index = "3">
                <type>SST</type>
                <device>SST2</device>
                <signal>gateway</signal>
	    </entry>
            <entry index = "4">
                <type>FID</type>
                <device>FID2</device>
                <signal>state</signal>
	    </entry>
            <entry index = "5">
                <type>DESD</type>
                <device>DESD2</device>
                <signal>storage</signal>
	    </entry>
        </state>
        <command>
            <entry index = "1">
                <type>SST</type>
                <device>SST2</device>
		<signal>gateway</signal>
	    </entry>
            <entry index = "2">
                <type>DESD</type>
                <device>DESD2</device>
                <signal>storage</signal>
	    </entry>
        </command>
    </adapter>
</root>
