<?xml version="1.0" encoding="us-ascii" ?>
<root>
	<adapter name = "simulation" type = "rtds">
		<info>
			<host>192.168.200.78</host>
			<port>23013</port>
		</info>
		<state>
			<entry index="1">
				<type>Sst_a</type>
				<device>SST1_a</device>
				<signal>gateway</signal>
			</entry>
			<entry index="2">
				<type>Sst_b</type>
				<device>SST1_b</device>
				<signal>gateway</signal>
			</entry>
			<entry index="3">
				<type>Sst_c</type>
				<device>SST1_c</device>
				<signal>gateway</signal>
			</entry>
		</state>
		<command>
			<entry index="1">
				<type>Sst_a</type>
				<device>SST1_a</device>
				<signal>gateway</signal>
			</entry>
			<entry index="2">
				<type>Sst_b</type>
				<device>SST1_b</device>
				<signal>gateway</signal>
			</entry>
			<entry index="3">
				<type>Sst_c</type>
				<device>SST1_c</device>
				<signal>gateway</signal>
			</entry>
		</command>
	</adapter>
</root>
