<?xml version="1.0" encoding="us-ascii" ?>
<root>
	<adapter name = "simulation" type = "rtds">
		<info>
			<host>192.168.200.78</host>
			<port>23012</port>
		</info>
		<state>
			<entry index = "1">
				<type>Sst_a</type>
				<device>SST2_a</device>
				<signal>gateway</signal>
	    		</entry>
	    		<entry index = "2">
				<type>Sst_b</type>
				<device>SST2_b</device>
				<signal>gateway</signal>
	    		</entry>
	    		<entry index = "3">
				<type>Sst_c</type>
				<device>SST2_c</device>
				<signal>gateway</signal>
	    		</entry>
	    		<entry index = "4">
				<type>Sst_a</type>
				<device>SST3_a</device>
				<signal>gateway</signal>
	    		</entry>
	    		<entry index = "5">
				<type>Sst_b</type>
				<device>SST3_b</device>
				<signal>gateway</signal>
	    			</entry>
	    		<entry index = "6">
				<type>Sst_c</type>
				<device>SST3_c</device>
				<signal>gateway</signal>
	    		</entry>
	    		<entry index = "7">
				<type>Sst_a</type>
				<device>SST4_a</device>
				<signal>gateway</signal>
	    		</entry>
	    		<entry index = "8">
				<type>Sst_b</type>
				<device>SST4_b</device>
				<signal>gateway</signal>
	    		</entry>
	    		<entry index = "9">
				<type>Sst_c</type>
				<device>SST4_c</device>
				<signal>gateway</signal>
	    		</entry>
		</state>
		<command>
			<entry index="1">
				<type>Sst_a</type>
				<device>SST2_a</device>
				<signal>gateway</signal>
			</entry>
			<entry index="4">
				<type>Sst_a</type>
				<device>SST3_a</device>
				<signal>gateway</signal>
			</entry>
			<entry index="7">
				<type>Sst_a</type>
				<device>SST4_a</device>
				<signal>gateway</signal>
			</entry>
			<entry index="2">
				<type>Sst_b</type>
				<device>SST2_b</device>
				<signal>gateway</signal>
			</entry>
			<entry index="5">
				<type>Sst_b</type>
				<device>SST3_b</device>
				<signal>gateway</signal>
			</entry>
			<entry index="8">
				<type>Sst_b</type>
				<device>SST4_b</device>
				<signal>gateway</signal>
			</entry>
			<entry index="3">
				<type>Sst_c</type>
				<device>SST2_c</device>
				<signal>gateway</signal>
			</entry>
			<entry index="6">
				<type>Sst_c</type>
				<device>SST3_c</device>
				<signal>gateway</signal>
			</entry>
			<entry index="9">
				<type>Sst_c</type>
				<device>SST4_c</device>
				<signal>gateway</signal>
			</entry>
		</command>
	</adapter>
</root>
