<?xml version="1.0" encoding="us-ascii" ?>
<root>
    <deviceType>
        <id>Sst</id>
        <state>gateway</state>
        <command>gateway</command>
    </deviceType>
    <deviceType>
        <id>Desd</id>
        <state>storage</state>
        <command>storage</command>
    </deviceType>
    <deviceType>
        <id>Drer</id>
        <state>generation</state>
    </deviceType>
    <deviceType>
        <id>Load</id>
        <state>drain</state>
    </deviceType>
    <deviceType>
        <id>Fid</id>
        <state>state</state>
    </deviceType>
    <deviceType>
        <id>Logger</id>
        <state>dgiEnable</state>
        <command>groupStatus</command>
    </deviceType>
    <deviceType>
        <id>Omega</id>
        <state>frequency</state>
    </deviceType>
</root>
