<?xml version="1.0" encoding="us-ascii" ?>
<root>
	<adapter name = "simulation" type = "rtds">
		<info>
			<host>192.168.200.78</host>
			<port>23014</port>
		</info>
		<state>
			<entry index="1">
				<type>Sst_a</type>
				<device>SST5_a</device>
				<signal>gateway</signal>
			</entry>
			<entry index="4">
				<type>Sst_a</type>
				<device>SST6_a</device>
				<signal>gateway</signal>
			</entry>
			<entry index="7">
				<type>Sst_a</type>
				<device>SST7_a</device>
				<signal>gateway</signal>
			</entry>
			<entry index="2">
				<type>Sst_b</type>
				<device>SST5_b</device>
				<signal>gateway</signal>
			</entry>
			<entry index="5">
				<type>Sst_b</type>
				<device>SST6_b</device>
				<signal>gateway</signal>
			</entry>
			<entry index="8">
				<type>Sst_b</type>
				<device>SST7_b</device>
				<signal>gateway</signal>
			</entry>
			<entry index="3">
				<type>Sst_c</type>
				<device>SST5_c</device>
				<signal>gateway</signal>
			</entry>
			<entry index="6">
				<type>Sst_c</type>
				<device>SST6_c</device>
				<signal>gateway</signal>
			</entry>
			<entry index="9">
				<type>Sst_c</type>
				<device>SST7_c</device>
				<signal>gateway</signal>
			</entry>
		</state>
		<command>
			<entry index="1">
				<type>Sst_a</type>
				<device>SST5_a</device>
				<signal>gateway</signal>
			</entry>
			<entry index="4">
				<type>Sst_a</type>
				<device>SST6_a</device>
				<signal>gateway</signal>
			</entry>
			<entry index="7">
				<type>Sst_a</type>
				<device>SST7_a</device>
				<signal>gateway</signal>
			</entry>
			<entry index="2">
				<type>Sst_b</type>
				<device>SST5_b</device>
				<signal>gateway</signal>
			</entry>
			<entry index="5">
				<type>Sst_b</type>
				<device>SST6_b</device>
				<signal>gateway</signal>
			</entry>
			<entry index="8">
				<type>Sst_b</type>
				<device>SST7_b</device>
				<signal>gateway</signal>
			</entry>
			<entry index="3">
				<type>Sst_c</type>
				<device>SST5_c</device>
				<signal>gateway</signal>
			</entry>
			<entry index="6">
				<type>Sst_c</type>
				<device>SST6_c</device>
				<signal>gateway</signal>
			</entry>
			<entry index="9">
				<type>Sst_c</type>
				<device>SST7_c</device>
				<signal>gateway</signal>
			</entry>
		</command>
	</adapter>
</root>
