<?xml version="1.0" encoding="us-ascii" ?>
<root>
	<deviceType>
		<id>Sst_a</id>
		<state>gateway</state>
		<command>gateway</command>
	</deviceType>
	<deviceType>
		<id>Sst_b</id>
		<state>gateway</state>
		<command>gateway</command>
	</deviceType>
	<deviceType>
		<id>Sst_c</id>
		<state>gateway</state>
		<command>gateway</command>
	</deviceType>
	<deviceType>
		<id>Pload_a</id>
		<state>pload</state>
	</deviceType>
	<deviceType>
		<id>Pload_b</id>
		<state>pload</state>
	</deviceType>
	<deviceType>
		<id>Pload_c</id>
		<state>pload</state>
	</deviceType>
</root>
